{
    "type": "minecraft:crafting_shaped",
    "pattern": [
        "NEN",
        "PNP",
        "DTD"
    ],
    "key": {
        "N": {
            "item": "minecraft:netherite_ingot"
        },
        "E": {
            "item": "minecraft:elytra"
        },
        "P": {
            "item": "minecraft:phantom_membrane"
        },
        "D": {
            "item": "minecraft:dragon_breath"
        },
        "T": {
            "item": "minecraft:totem_of_undying"
        }
    },
    "result": {
        "item": "minecraft:elytra",
        "count": 2
    }
}

